Algoritmo,Tipo,Tamanho,Threads,Amostra,Tempo_ms
BubbleSort,random,1000,1,1,4,6351
BubbleSort,random,1000,1,2,0,8634
BubbleSort,random,1000,1,3,1,2656
BubbleSort,random,1000,1,4,1,7116
BubbleSort,random,1000,1,5,0,6236
QuickSort,random,1000,1,1,1,8006
QuickSort,random,1000,1,2,0,6388
QuickSort,random,1000,1,3,0,5050
QuickSort,random,1000,1,4,0,4958
QuickSort,random,1000,1,5,0,5568
MergeSort,random,1000,1,1,1,9838
MergeSort,random,1000,1,2,0,1764
MergeSort,random,1000,1,3,0,1141
MergeSort,random,1000,1,4,0,1231
MergeSort,random,1000,1,5,0,1074
SelectionSort,random,1000,1,1,2,8868
SelectionSort,random,1000,1,2,1,0584
SelectionSort,random,1000,1,3,1,0628
SelectionSort,random,1000,1,4,1,0588
SelectionSort,random,1000,1,5,1,0572
ParallelBubbleSort,random,1000,2,1,310,0161
ParallelBubbleSort,random,1000,2,2,257,0465
ParallelBubbleSort,random,1000,2,3,208,7896
ParallelBubbleSort,random,1000,2,4,196,8131
ParallelBubbleSort,random,1000,2,5,191,2526
ParallelQuickSort,random,1000,2,1,3,2247
ParallelQuickSort,random,1000,2,2,0,8215
ParallelQuickSort,random,1000,2,3,0,9911
ParallelQuickSort,random,1000,2,4,0,7950
ParallelQuickSort,random,1000,2,5,0,7664
ParallelMergeSort,random,1000,2,1,2,0778
ParallelMergeSort,random,1000,2,2,0,3682
ParallelMergeSort,random,1000,2,3,0,3393
ParallelMergeSort,random,1000,2,4,0,4054
ParallelMergeSort,random,1000,2,5,0,3680
ParallelSelectionSort,random,1000,2,1,18,4556
ParallelSelectionSort,random,1000,2,2,13,2027
ParallelSelectionSort,random,1000,2,3,12,5509
ParallelSelectionSort,random,1000,2,4,11,4014
ParallelSelectionSort,random,1000,2,5,11,0271
ParallelBubbleSort,random,1000,4,1,338,1995
ParallelBubbleSort,random,1000,4,2,325,8577
ParallelBubbleSort,random,1000,4,3,319,4411
ParallelBubbleSort,random,1000,4,4,323,6721
ParallelBubbleSort,random,1000,4,5,313,4777
ParallelQuickSort,random,1000,4,1,2,0656
ParallelQuickSort,random,1000,4,2,0,4480
ParallelQuickSort,random,1000,4,3,0,3919
ParallelQuickSort,random,1000,4,4,0,4528
ParallelQuickSort,random,1000,4,5,0,3885
ParallelMergeSort,random,1000,4,1,0,2892
ParallelMergeSort,random,1000,4,2,0,3257
ParallelMergeSort,random,1000,4,3,0,3830
ParallelMergeSort,random,1000,4,4,0,2838
ParallelMergeSort,random,1000,4,5,0,3359
ParallelSelectionSort,random,1000,4,1,9,0248
ParallelSelectionSort,random,1000,4,2,9,6141
ParallelSelectionSort,random,1000,4,3,9,2630
ParallelSelectionSort,random,1000,4,4,8,8695
ParallelSelectionSort,random,1000,4,5,8,4912
ParallelBubbleSort,random,1000,8,1,558,4819
ParallelBubbleSort,random,1000,8,2,550,9897
ParallelBubbleSort,random,1000,8,3,570,0339
ParallelBubbleSort,random,1000,8,4,555,8857
ParallelBubbleSort,random,1000,8,5,584,1546
ParallelQuickSort,random,1000,8,1,0,4722
ParallelQuickSort,random,1000,8,2,0,4765
ParallelQuickSort,random,1000,8,3,0,3940
ParallelQuickSort,random,1000,8,4,0,3580
ParallelQuickSort,random,1000,8,5,0,4088
ParallelMergeSort,random,1000,8,1,0,2862
ParallelMergeSort,random,1000,8,2,0,2599
ParallelMergeSort,random,1000,8,3,0,2631
ParallelMergeSort,random,1000,8,4,0,2804
ParallelMergeSort,random,1000,8,5,0,2689
ParallelSelectionSort,random,1000,8,1,10,4591
ParallelSelectionSort,random,1000,8,2,10,3204
ParallelSelectionSort,random,1000,8,3,9,4048
ParallelSelectionSort,random,1000,8,4,9,6062
ParallelSelectionSort,random,1000,8,5,10,1955
BubbleSort,random,5000,1,1,12,4732
BubbleSort,random,5000,1,2,12,6548
BubbleSort,random,5000,1,3,12,5729
BubbleSort,random,5000,1,4,12,3581
BubbleSort,random,5000,1,5,12,4105
QuickSort,random,5000,1,1,1,6555
QuickSort,random,5000,1,2,0,6481
QuickSort,random,5000,1,3,0,5426
QuickSort,random,5000,1,4,0,5304
QuickSort,random,5000,1,5,0,5286
MergeSort,random,5000,1,1,0,5525
MergeSort,random,5000,1,2,0,5436
MergeSort,random,5000,1,3,0,5289
MergeSort,random,5000,1,4,0,5343
MergeSort,random,5000,1,5,0,5250
SelectionSort,random,5000,1,1,9,7838
SelectionSort,random,5000,1,2,4,7699
SelectionSort,random,5000,1,3,5,7841
SelectionSort,random,5000,1,4,4,7178
SelectionSort,random,5000,1,5,4,6787
ParallelBubbleSort,random,5000,2,1,2455,6474
ParallelBubbleSort,random,5000,2,2,2458,5419
ParallelBubbleSort,random,5000,2,3,2400,4970
ParallelBubbleSort,random,5000,2,4,2389,6121
ParallelBubbleSort,random,5000,2,5,2391,8292
ParallelQuickSort,random,5000,2,1,1,4916
ParallelQuickSort,random,5000,2,2,1,2491
ParallelQuickSort,random,5000,2,3,1,2436
ParallelQuickSort,random,5000,2,4,1,0918
ParallelQuickSort,random,5000,2,5,1,1655
ParallelMergeSort,random,5000,2,1,0,8160
ParallelMergeSort,random,5000,2,2,0,7989
ParallelMergeSort,random,5000,2,3,0,8314
ParallelMergeSort,random,5000,2,4,0,8128
ParallelMergeSort,random,5000,2,5,0,8139
ParallelSelectionSort,random,5000,2,1,56,2599
ParallelSelectionSort,random,5000,2,2,49,1970
ParallelSelectionSort,random,5000,2,3,53,3647
ParallelSelectionSort,random,5000,2,4,43,0802
ParallelSelectionSort,random,5000,2,5,49,5867
ParallelBubbleSort,random,5000,4,1,2961,8416
ParallelBubbleSort,random,5000,4,2,3368,4234
ParallelBubbleSort,random,5000,4,3,3692,6182
ParallelBubbleSort,random,5000,4,4,3333,1364
ParallelBubbleSort,random,5000,4,5,3147,5758
ParallelQuickSort,random,5000,4,1,1,0550
ParallelQuickSort,random,5000,4,2,1,0423
ParallelQuickSort,random,5000,4,3,0,9958
ParallelQuickSort,random,5000,4,4,1,0876
ParallelQuickSort,random,5000,4,5,0,8598
ParallelMergeSort,random,5000,4,1,0,8010
ParallelMergeSort,random,5000,4,2,0,8046
ParallelMergeSort,random,5000,4,3,0,7637
ParallelMergeSort,random,5000,4,4,0,8189
ParallelMergeSort,random,5000,4,5,0,7178
ParallelSelectionSort,random,5000,4,1,46,4933
ParallelSelectionSort,random,5000,4,2,47,0944
ParallelSelectionSort,random,5000,4,3,51,7418
ParallelSelectionSort,random,5000,4,4,44,9631
ParallelSelectionSort,random,5000,4,5,47,7570
ParallelBubbleSort,random,5000,8,1,5133,4000
ParallelBubbleSort,random,5000,8,2,4877,1446
ParallelBubbleSort,random,5000,8,3,4568,3087
ParallelBubbleSort,random,5000,8,4,4707,9046
ParallelBubbleSort,random,5000,8,5,4352,3410
ParallelQuickSort,random,5000,8,1,0,9724
ParallelQuickSort,random,5000,8,2,0,8645
ParallelQuickSort,random,5000,8,3,1,0484
ParallelQuickSort,random,5000,8,4,1,0199
ParallelQuickSort,random,5000,8,5,1,0118
ParallelMergeSort,random,5000,8,1,0,8741
ParallelMergeSort,random,5000,8,2,0,8816
ParallelMergeSort,random,5000,8,3,0,8139
ParallelMergeSort,random,5000,8,4,0,7210
ParallelMergeSort,random,5000,8,5,0,9112
ParallelSelectionSort,random,5000,8,1,52,3381
ParallelSelectionSort,random,5000,8,2,53,3474
ParallelSelectionSort,random,5000,8,3,49,5938
ParallelSelectionSort,random,5000,8,4,48,5098
ParallelSelectionSort,random,5000,8,5,50,6932
BubbleSort,random,10000,1,1,73,0943
BubbleSort,random,10000,1,2,74,1833
BubbleSort,random,10000,1,3,68,6443
BubbleSort,random,10000,1,4,73,9645
BubbleSort,random,10000,1,5,73,5978
QuickSort,random,10000,1,1,0,9400
QuickSort,random,10000,1,2,0,8926
QuickSort,random,10000,1,3,0,8368
QuickSort,random,10000,1,4,0,8347
QuickSort,random,10000,1,5,0,8346
MergeSort,random,10000,1,1,1,1371
MergeSort,random,10000,1,2,1,0643
MergeSort,random,10000,1,3,1,0945
MergeSort,random,10000,1,4,1,0433
MergeSort,random,10000,1,5,1,0953
SelectionSort,random,10000,1,1,19,8394
SelectionSort,random,10000,1,2,18,4470
SelectionSort,random,10000,1,3,18,3314
SelectionSort,random,10000,1,4,18,3114
SelectionSort,random,10000,1,5,18,5819
ParallelBubbleSort,random,10000,2,1,9798,3182
ParallelBubbleSort,random,10000,2,2,9181,2395
ParallelBubbleSort,random,10000,2,3,15480,6232
ParallelBubbleSort,random,10000,2,4,9787,2372
ParallelBubbleSort,random,10000,2,5,9461,4997
ParallelQuickSort,random,10000,2,1,3,0213
ParallelQuickSort,random,10000,2,2,1,8661
ParallelQuickSort,random,10000,2,3,2,1942
ParallelQuickSort,random,10000,2,4,2,3543
ParallelQuickSort,random,10000,2,5,2,1267
ParallelMergeSort,random,10000,2,1,1,1403
ParallelMergeSort,random,10000,2,2,1,1748
ParallelMergeSort,random,10000,2,3,1,1376
ParallelMergeSort,random,10000,2,4,1,5642
ParallelMergeSort,random,10000,2,5,1,0047
ParallelSelectionSort,random,10000,2,1,117,5598
ParallelSelectionSort,random,10000,2,2,118,1947
ParallelSelectionSort,random,10000,2,3,106,6611
ParallelSelectionSort,random,10000,2,4,114,9954
ParallelSelectionSort,random,10000,2,5,120,7910
ParallelBubbleSort,random,10000,4,1,10721,5010
ParallelBubbleSort,random,10000,4,2,11987,3939
ParallelBubbleSort,random,10000,4,3,11436,2592
ParallelBubbleSort,random,10000,4,4,12487,4792
ParallelBubbleSort,random,10000,4,5,11993,1460
ParallelQuickSort,random,10000,4,1,1,4415
ParallelQuickSort,random,10000,4,2,1,6865
ParallelQuickSort,random,10000,4,3,1,6225
ParallelQuickSort,random,10000,4,4,2,2927
ParallelQuickSort,random,10000,4,5,1,6987
ParallelMergeSort,random,10000,4,1,2,3747
ParallelMergeSort,random,10000,4,2,1,9677
ParallelMergeSort,random,10000,4,3,1,6897
ParallelMergeSort,random,10000,4,4,1,4825
ParallelMergeSort,random,10000,4,5,1,5476
ParallelSelectionSort,random,10000,4,1,132,2132
ParallelSelectionSort,random,10000,4,2,123,4035
ParallelSelectionSort,random,10000,4,3,122,4493
ParallelSelectionSort,random,10000,4,4,124,1102
ParallelSelectionSort,random,10000,4,5,125,8882
ParallelBubbleSort,random,10000,8,1,15876,6637
ParallelBubbleSort,random,10000,8,2,15944,4943
ParallelBubbleSort,random,10000,8,3,15462,4562
ParallelBubbleSort,random,10000,8,4,15980,9887
ParallelBubbleSort,random,10000,8,5,15966,3922
ParallelQuickSort,random,10000,8,1,1,7623
ParallelQuickSort,random,10000,8,2,1,6490
ParallelQuickSort,random,10000,8,3,1,5964
ParallelQuickSort,random,10000,8,4,1,7653
ParallelQuickSort,random,10000,8,5,1,9218
ParallelMergeSort,random,10000,8,1,1,8817
ParallelMergeSort,random,10000,8,2,1,6129
ParallelMergeSort,random,10000,8,3,1,5711
ParallelMergeSort,random,10000,8,4,2,4394
ParallelMergeSort,random,10000,8,5,1,4804
ParallelSelectionSort,random,10000,8,1,146,2743
ParallelSelectionSort,random,10000,8,2,141,6186
ParallelSelectionSort,random,10000,8,3,142,4507
ParallelSelectionSort,random,10000,8,4,146,1932
ParallelSelectionSort,random,10000,8,5,143,8025
BubbleSort,random,20000,1,1,454,8438
BubbleSort,random,20000,1,2,462,0924
BubbleSort,random,20000,1,3,484,5272
BubbleSort,random,20000,1,4,464,8175
BubbleSort,random,20000,1,5,452,3973
QuickSort,random,20000,1,1,1,5384
QuickSort,random,20000,1,2,1,4361
QuickSort,random,20000,1,3,1,4423
QuickSort,random,20000,1,4,1,4504
QuickSort,random,20000,1,5,1,4891
MergeSort,random,20000,1,1,3,0616
MergeSort,random,20000,1,2,2,6651
MergeSort,random,20000,1,3,2,9505
MergeSort,random,20000,1,4,2,3854
MergeSort,random,20000,1,5,2,1955
SelectionSort,random,20000,1,1,89,3496
SelectionSort,random,20000,1,2,88,9639
SelectionSort,random,20000,1,3,86,4298
SelectionSort,random,20000,1,4,87,3470
SelectionSort,random,20000,1,5,94,4188
ParallelBubbleSort,random,20000,2,1,34696,7607
ParallelBubbleSort,random,20000,2,2,34224,4038
ParallelBubbleSort,random,20000,2,3,34378,7122
ParallelBubbleSort,random,20000,2,4,34219,9179
ParallelBubbleSort,random,20000,2,5,34121,6477
ParallelQuickSort,random,20000,2,1,4,1414
ParallelQuickSort,random,20000,2,2,3,4416
ParallelQuickSort,random,20000,2,3,3,2261
ParallelQuickSort,random,20000,2,4,3,8212
ParallelQuickSort,random,20000,2,5,5,3551
ParallelMergeSort,random,20000,2,1,1,9118
ParallelMergeSort,random,20000,2,2,1,6530
ParallelMergeSort,random,20000,2,3,2,0903
ParallelMergeSort,random,20000,2,4,2,8633
ParallelMergeSort,random,20000,2,5,2,2949
ParallelSelectionSort,random,20000,2,1,277,4611
ParallelSelectionSort,random,20000,2,2,280,2997
ParallelSelectionSort,random,20000,2,3,256,8123
ParallelSelectionSort,random,20000,2,4,274,3262
ParallelSelectionSort,random,20000,2,5,283,7623
ParallelBubbleSort,random,20000,4,1,37681,5930
ParallelBubbleSort,random,20000,4,2,37646,0412
ParallelBubbleSort,random,20000,4,3,37661,1012
ParallelBubbleSort,random,20000,4,4,38486,4782
ParallelBubbleSort,random,20000,4,5,37908,7297
ParallelQuickSort,random,20000,4,1,4,4031
ParallelQuickSort,random,20000,4,2,2,8989
ParallelQuickSort,random,20000,4,3,3,1298
ParallelQuickSort,random,20000,4,4,2,4840
ParallelQuickSort,random,20000,4,5,3,1392
ParallelMergeSort,random,20000,4,1,2,3217
ParallelMergeSort,random,20000,4,2,2,3876
ParallelMergeSort,random,20000,4,3,4,5469
ParallelMergeSort,random,20000,4,4,2,9452
ParallelMergeSort,random,20000,4,5,2,0585
ParallelSelectionSort,random,20000,4,1,333,0717
ParallelSelectionSort,random,20000,4,2,294,5118
ParallelSelectionSort,random,20000,4,3,298,3527
ParallelSelectionSort,random,20000,4,4,303,4767
ParallelSelectionSort,random,20000,4,5,299,4222
ParallelBubbleSort,random,20000,8,1,45166,9903
ParallelBubbleSort,random,20000,8,2,45196,3462
ParallelBubbleSort,random,20000,8,3,45447,4032
ParallelBubbleSort,random,20000,8,4,46432,6255
ParallelBubbleSort,random,20000,8,5,45588,5487
ParallelQuickSort,random,20000,8,1,2,0015
ParallelQuickSort,random,20000,8,2,2,3801
ParallelQuickSort,random,20000,8,3,2,3380
ParallelQuickSort,random,20000,8,4,3,0017
ParallelQuickSort,random,20000,8,5,4,2910
ParallelMergeSort,random,20000,8,1,1,6576
ParallelMergeSort,random,20000,8,2,1,9024
ParallelMergeSort,random,20000,8,3,2,5276
ParallelMergeSort,random,20000,8,4,2,3766
ParallelMergeSort,random,20000,8,5,2,0567
ParallelSelectionSort,random,20000,8,1,359,2773
ParallelSelectionSort,random,20000,8,2,336,9313
ParallelSelectionSort,random,20000,8,3,324,6009
ParallelSelectionSort,random,20000,8,4,320,2367
ParallelSelectionSort,random,20000,8,5,320,2286
BubbleSort,sorted,1000,1,1,0,2805
BubbleSort,sorted,1000,1,2,0,2183
BubbleSort,sorted,1000,1,3,0,2333
BubbleSort,sorted,1000,1,4,0,2412
BubbleSort,sorted,1000,1,5,0,2120
QuickSort,sorted,1000,1,1,0,0266
QuickSort,sorted,1000,1,2,0,0243
QuickSort,sorted,1000,1,3,0,1576
QuickSort,sorted,1000,1,4,0,0200
QuickSort,sorted,1000,1,5,0,0192
MergeSort,sorted,1000,1,1,0,0644
MergeSort,sorted,1000,1,2,0,0493
MergeSort,sorted,1000,1,3,0,0493
MergeSort,sorted,1000,1,4,0,0497
MergeSort,sorted,1000,1,5,0,0492
SelectionSort,sorted,1000,1,1,0,2171
SelectionSort,sorted,1000,1,2,0,2541
SelectionSort,sorted,1000,1,3,0,2937
SelectionSort,sorted,1000,1,4,0,1852
SelectionSort,sorted,1000,1,5,0,1845
ParallelBubbleSort,sorted,1000,2,1,301,2964
ParallelBubbleSort,sorted,1000,2,2,301,3431
ParallelBubbleSort,sorted,1000,2,3,316,4294
ParallelBubbleSort,sorted,1000,2,4,299,9760
ParallelBubbleSort,sorted,1000,2,5,297,6532
ParallelQuickSort,sorted,1000,2,1,0,3682
ParallelQuickSort,sorted,1000,2,2,0,2898
ParallelQuickSort,sorted,1000,2,3,0,3923
ParallelQuickSort,sorted,1000,2,4,0,8929
ParallelQuickSort,sorted,1000,2,5,0,4218
ParallelMergeSort,sorted,1000,2,1,0,5270
ParallelMergeSort,sorted,1000,2,2,0,4247
ParallelMergeSort,sorted,1000,2,3,0,2718
ParallelMergeSort,sorted,1000,2,4,0,2841
ParallelMergeSort,sorted,1000,2,5,0,2819
ParallelSelectionSort,sorted,1000,2,1,15,0344
ParallelSelectionSort,sorted,1000,2,2,15,1873
ParallelSelectionSort,sorted,1000,2,3,12,0107
ParallelSelectionSort,sorted,1000,2,4,13,2357
ParallelSelectionSort,sorted,1000,2,5,12,3137
ParallelBubbleSort,sorted,1000,4,1,474,3377
ParallelBubbleSort,sorted,1000,4,2,575,0051
ParallelBubbleSort,sorted,1000,4,3,532,6686
ParallelBubbleSort,sorted,1000,4,4,458,4521
ParallelBubbleSort,sorted,1000,4,5,456,2833
ParallelQuickSort,sorted,1000,4,1,0,4979
ParallelQuickSort,sorted,1000,4,2,0,3337
ParallelQuickSort,sorted,1000,4,3,0,2934
ParallelQuickSort,sorted,1000,4,4,0,2958
ParallelQuickSort,sorted,1000,4,5,0,3548
ParallelMergeSort,sorted,1000,4,1,0,6311
ParallelMergeSort,sorted,1000,4,2,0,6098
ParallelMergeSort,sorted,1000,4,3,0,3796
ParallelMergeSort,sorted,1000,4,4,0,3157
ParallelMergeSort,sorted,1000,4,5,0,6032
ParallelSelectionSort,sorted,1000,4,1,12,8527
ParallelSelectionSort,sorted,1000,4,2,12,5624
ParallelSelectionSort,sorted,1000,4,3,11,7701
ParallelSelectionSort,sorted,1000,4,4,11,8377
ParallelSelectionSort,sorted,1000,4,5,11,2272
ParallelBubbleSort,sorted,1000,8,1,868,7205
ParallelBubbleSort,sorted,1000,8,2,833,2116
ParallelBubbleSort,sorted,1000,8,3,903,6300
ParallelBubbleSort,sorted,1000,8,4,916,0985
ParallelBubbleSort,sorted,1000,8,5,860,4234
ParallelQuickSort,sorted,1000,8,1,0,3596
ParallelQuickSort,sorted,1000,8,2,0,2864
ParallelQuickSort,sorted,1000,8,3,0,4081
ParallelQuickSort,sorted,1000,8,4,0,4238
ParallelQuickSort,sorted,1000,8,5,0,3993
ParallelMergeSort,sorted,1000,8,1,0,6429
ParallelMergeSort,sorted,1000,8,2,0,8420
ParallelMergeSort,sorted,1000,8,3,0,8654
ParallelMergeSort,sorted,1000,8,4,0,4697
ParallelMergeSort,sorted,1000,8,5,0,9077
ParallelSelectionSort,sorted,1000,8,1,15,2288
ParallelSelectionSort,sorted,1000,8,2,16,6627
ParallelSelectionSort,sorted,1000,8,3,13,3961
ParallelSelectionSort,sorted,1000,8,4,12,5637
ParallelSelectionSort,sorted,1000,8,5,13,4819
BubbleSort,sorted,5000,1,1,5,0100
BubbleSort,sorted,5000,1,2,5,5277
BubbleSort,sorted,5000,1,3,4,8899
BubbleSort,sorted,5000,1,4,4,9482
BubbleSort,sorted,5000,1,5,5,6981
QuickSort,sorted,5000,1,1,0,1280
QuickSort,sorted,5000,1,2,0,1179
QuickSort,sorted,5000,1,3,0,1135
QuickSort,sorted,5000,1,4,0,1794
QuickSort,sorted,5000,1,5,0,1688
MergeSort,sorted,5000,1,1,0,2789
MergeSort,sorted,5000,1,2,0,2749
MergeSort,sorted,5000,1,3,0,2674
MergeSort,sorted,5000,1,4,0,2662
MergeSort,sorted,5000,1,5,0,2724
SelectionSort,sorted,5000,1,1,4,8653
SelectionSort,sorted,5000,1,2,5,9722
SelectionSort,sorted,5000,1,3,4,6125
SelectionSort,sorted,5000,1,4,4,6570
SelectionSort,sorted,5000,1,5,4,6594
ParallelBubbleSort,sorted,5000,2,1,2971,8466
ParallelBubbleSort,sorted,5000,2,2,2938,0183
ParallelBubbleSort,sorted,5000,2,3,2914,5961
ParallelBubbleSort,sorted,5000,2,4,3024,1826
ParallelBubbleSort,sorted,5000,2,5,2919,7925
ParallelQuickSort,sorted,5000,2,1,0,6581
ParallelQuickSort,sorted,5000,2,2,0,3507
ParallelQuickSort,sorted,5000,2,3,0,7872
ParallelQuickSort,sorted,5000,2,4,0,3939
ParallelQuickSort,sorted,5000,2,5,0,3725
ParallelMergeSort,sorted,5000,2,1,0,5774
ParallelMergeSort,sorted,5000,2,2,0,5454
ParallelMergeSort,sorted,5000,2,3,0,5987
ParallelMergeSort,sorted,5000,2,4,1,0904
ParallelMergeSort,sorted,5000,2,5,0,7692
ParallelSelectionSort,sorted,5000,2,1,59,3329
ParallelSelectionSort,sorted,5000,2,2,60,6467
ParallelSelectionSort,sorted,5000,2,3,61,5339
ParallelSelectionSort,sorted,5000,2,4,62,8960
ParallelSelectionSort,sorted,5000,2,5,61,8467
ParallelBubbleSort,sorted,5000,4,1,4028,3317
ParallelBubbleSort,sorted,5000,4,2,4284,9589
ParallelBubbleSort,sorted,5000,4,3,3970,2412
ParallelBubbleSort,sorted,5000,4,4,3856,5541
ParallelBubbleSort,sorted,5000,4,5,3656,1776
ParallelQuickSort,sorted,5000,4,1,0,7208
ParallelQuickSort,sorted,5000,4,2,0,5468
ParallelQuickSort,sorted,5000,4,3,0,4213
ParallelQuickSort,sorted,5000,4,4,0,6008
ParallelQuickSort,sorted,5000,4,5,0,9141
ParallelMergeSort,sorted,5000,4,1,0,5692
ParallelMergeSort,sorted,5000,4,2,0,5777
ParallelMergeSort,sorted,5000,4,3,0,9037
ParallelMergeSort,sorted,5000,4,4,0,7289
ParallelMergeSort,sorted,5000,4,5,0,6229
ParallelSelectionSort,sorted,5000,4,1,58,3946
ParallelSelectionSort,sorted,5000,4,2,53,5038
ParallelSelectionSort,sorted,5000,4,3,54,2394
ParallelSelectionSort,sorted,5000,4,4,50,2492
ParallelSelectionSort,sorted,5000,4,5,50,1594
ParallelBubbleSort,sorted,5000,8,1,5494,6824
ParallelBubbleSort,sorted,5000,8,2,5515,3374
ParallelBubbleSort,sorted,5000,8,3,5603,7702
ParallelBubbleSort,sorted,5000,8,4,5581,8897
ParallelBubbleSort,sorted,5000,8,5,5590,5440
ParallelQuickSort,sorted,5000,8,1,0,5034
ParallelQuickSort,sorted,5000,8,2,0,4980
ParallelQuickSort,sorted,5000,8,3,0,4966
ParallelQuickSort,sorted,5000,8,4,0,3812
ParallelQuickSort,sorted,5000,8,5,0,4434
ParallelMergeSort,sorted,5000,8,1,0,5646
ParallelMergeSort,sorted,5000,8,2,0,6609
ParallelMergeSort,sorted,5000,8,3,0,6795
ParallelMergeSort,sorted,5000,8,4,0,5609
ParallelMergeSort,sorted,5000,8,5,0,5022
ParallelSelectionSort,sorted,5000,8,1,64,5416
ParallelSelectionSort,sorted,5000,8,2,61,3275
ParallelSelectionSort,sorted,5000,8,3,63,4519
ParallelSelectionSort,sorted,5000,8,4,65,4593
ParallelSelectionSort,sorted,5000,8,5,65,1204
BubbleSort,sorted,10000,1,1,20,0109
BubbleSort,sorted,10000,1,2,19,5188
BubbleSort,sorted,10000,1,3,18,9671
BubbleSort,sorted,10000,1,4,22,2455
BubbleSort,sorted,10000,1,5,19,1826
QuickSort,sorted,10000,1,1,0,2469
QuickSort,sorted,10000,1,2,0,2334
QuickSort,sorted,10000,1,3,0,2316
QuickSort,sorted,10000,1,4,0,2318
QuickSort,sorted,10000,1,5,0,2323
MergeSort,sorted,10000,1,1,0,5765
MergeSort,sorted,10000,1,2,0,6631
MergeSort,sorted,10000,1,3,0,6645
MergeSort,sorted,10000,1,4,0,5707
MergeSort,sorted,10000,1,5,0,8021
SelectionSort,sorted,10000,1,1,31,1400
SelectionSort,sorted,10000,1,2,31,0594
SelectionSort,sorted,10000,1,3,24,8089
SelectionSort,sorted,10000,1,4,19,9468
SelectionSort,sorted,10000,1,5,20,5185
ParallelBubbleSort,sorted,10000,2,1,9758,6022
ParallelBubbleSort,sorted,10000,2,2,9819,8422
ParallelBubbleSort,sorted,10000,2,3,9727,4120
ParallelBubbleSort,sorted,10000,2,4,9743,6749
ParallelBubbleSort,sorted,10000,2,5,9714,2980
ParallelQuickSort,sorted,10000,2,1,0,6953
ParallelQuickSort,sorted,10000,2,2,1,0253
ParallelQuickSort,sorted,10000,2,3,0,4942
ParallelQuickSort,sorted,10000,2,4,0,6910
ParallelQuickSort,sorted,10000,2,5,0,4612
ParallelMergeSort,sorted,10000,2,1,0,9283
ParallelMergeSort,sorted,10000,2,2,0,8845
ParallelMergeSort,sorted,10000,2,3,0,8125
ParallelMergeSort,sorted,10000,2,4,0,8371
ParallelMergeSort,sorted,10000,2,5,0,7348
ParallelSelectionSort,sorted,10000,2,1,126,7215
ParallelSelectionSort,sorted,10000,2,2,127,8236
ParallelSelectionSort,sorted,10000,2,3,123,9464
ParallelSelectionSort,sorted,10000,2,4,121,6392
ParallelSelectionSort,sorted,10000,2,5,123,1807
ParallelBubbleSort,sorted,10000,4,1,11395,6767
ParallelBubbleSort,sorted,10000,4,2,11530,7408
ParallelBubbleSort,sorted,10000,4,3,11643,5332
ParallelBubbleSort,sorted,10000,4,4,11327,6376
ParallelBubbleSort,sorted,10000,4,5,11743,7515
ParallelQuickSort,sorted,10000,4,1,0,5395
ParallelQuickSort,sorted,10000,4,2,0,4406
ParallelQuickSort,sorted,10000,4,3,0,7298
ParallelQuickSort,sorted,10000,4,4,0,5390
ParallelQuickSort,sorted,10000,4,5,0,4843
ParallelMergeSort,sorted,10000,4,1,0,8657
ParallelMergeSort,sorted,10000,4,2,0,9700
ParallelMergeSort,sorted,10000,4,3,1,2735
ParallelMergeSort,sorted,10000,4,4,1,1098
ParallelMergeSort,sorted,10000,4,5,1,7274
ParallelSelectionSort,sorted,10000,4,1,117,5555
ParallelSelectionSort,sorted,10000,4,2,116,0086
ParallelSelectionSort,sorted,10000,4,3,120,4484
ParallelSelectionSort,sorted,10000,4,4,118,6762
ParallelSelectionSort,sorted,10000,4,5,116,7468
ParallelBubbleSort,sorted,10000,8,1,15269,9993
ParallelBubbleSort,sorted,10000,8,2,15167,5487
ParallelBubbleSort,sorted,10000,8,3,14944,3573
ParallelBubbleSort,sorted,10000,8,4,15089,1756
ParallelBubbleSort,sorted,10000,8,5,15711,0040
ParallelQuickSort,sorted,10000,8,1,0,8526
ParallelQuickSort,sorted,10000,8,2,0,7144
ParallelQuickSort,sorted,10000,8,3,0,6047
ParallelQuickSort,sorted,10000,8,4,0,8122
ParallelQuickSort,sorted,10000,8,5,0,9604
ParallelMergeSort,sorted,10000,8,1,1,1560
ParallelMergeSort,sorted,10000,8,2,0,8738
ParallelMergeSort,sorted,10000,8,3,0,9850
ParallelMergeSort,sorted,10000,8,4,1,1814
ParallelMergeSort,sorted,10000,8,5,1,3358
ParallelSelectionSort,sorted,10000,8,1,140,4143
ParallelSelectionSort,sorted,10000,8,2,133,2929
ParallelSelectionSort,sorted,10000,8,3,141,2688
ParallelSelectionSort,sorted,10000,8,4,141,0395
ParallelSelectionSort,sorted,10000,8,5,133,6847
BubbleSort,sorted,20000,1,1,87,7306
BubbleSort,sorted,20000,1,2,83,1363
BubbleSort,sorted,20000,1,3,79,8951
BubbleSort,sorted,20000,1,4,84,6702
BubbleSort,sorted,20000,1,5,84,7816
QuickSort,sorted,20000,1,1,0,5821
QuickSort,sorted,20000,1,2,0,5610
QuickSort,sorted,20000,1,3,0,6442
QuickSort,sorted,20000,1,4,0,7013
QuickSort,sorted,20000,1,5,0,6728
MergeSort,sorted,20000,1,1,1,1678
MergeSort,sorted,20000,1,2,1,1299
MergeSort,sorted,20000,1,3,1,1248
MergeSort,sorted,20000,1,4,1,3129
MergeSort,sorted,20000,1,5,1,6673
SelectionSort,sorted,20000,1,1,88,6561
SelectionSort,sorted,20000,1,2,83,7621
SelectionSort,sorted,20000,1,3,85,1897
SelectionSort,sorted,20000,1,4,85,3745
SelectionSort,sorted,20000,1,5,82,3310
ParallelBubbleSort,sorted,20000,2,1,34535,4673
ParallelBubbleSort,sorted,20000,2,2,34121,6126
ParallelBubbleSort,sorted,20000,2,3,34231,3558
ParallelBubbleSort,sorted,20000,2,4,34292,6503
ParallelBubbleSort,sorted,20000,2,5,34027,4488
ParallelQuickSort,sorted,20000,2,1,0,9241
ParallelQuickSort,sorted,20000,2,2,0,8231
ParallelQuickSort,sorted,20000,2,3,0,4672
ParallelQuickSort,sorted,20000,2,4,0,3561
ParallelQuickSort,sorted,20000,2,5,0,4321
ParallelMergeSort,sorted,20000,2,1,1,4407
ParallelMergeSort,sorted,20000,2,2,1,1683
ParallelMergeSort,sorted,20000,2,3,1,0275
ParallelMergeSort,sorted,20000,2,4,0,9356
ParallelMergeSort,sorted,20000,2,5,1,2418
ParallelSelectionSort,sorted,20000,2,1,279,1773
ParallelSelectionSort,sorted,20000,2,2,271,0034
ParallelSelectionSort,sorted,20000,2,3,261,3981
ParallelSelectionSort,sorted,20000,2,4,277,5344
ParallelSelectionSort,sorted,20000,2,5,269,8301
ParallelBubbleSort,sorted,20000,4,1,37661,5568
ParallelBubbleSort,sorted,20000,4,2,37831,1796
ParallelBubbleSort,sorted,20000,4,3,37817,8233
ParallelBubbleSort,sorted,20000,4,4,37390,0843
ParallelBubbleSort,sorted,20000,4,5,37896,7367
ParallelQuickSort,sorted,20000,4,1,0,5455
ParallelQuickSort,sorted,20000,4,2,0,6626
ParallelQuickSort,sorted,20000,4,3,0,5108
ParallelQuickSort,sorted,20000,4,4,0,8913
ParallelQuickSort,sorted,20000,4,5,0,7395
ParallelMergeSort,sorted,20000,4,1,1,1375
ParallelMergeSort,sorted,20000,4,2,1,2935
ParallelMergeSort,sorted,20000,4,3,1,3947
ParallelMergeSort,sorted,20000,4,4,1,6935
ParallelMergeSort,sorted,20000,4,5,1,7536
ParallelSelectionSort,sorted,20000,4,1,373,7301
ParallelSelectionSort,sorted,20000,4,2,287,8156
ParallelSelectionSort,sorted,20000,4,3,281,8607
ParallelSelectionSort,sorted,20000,4,4,287,2517
ParallelSelectionSort,sorted,20000,4,5,279,0336
ParallelBubbleSort,sorted,20000,8,1,45480,3767
ParallelBubbleSort,sorted,20000,8,2,45173,1610
ParallelBubbleSort,sorted,20000,8,3,44431,1415
ParallelBubbleSort,sorted,20000,8,4,44822,3390
ParallelBubbleSort,sorted,20000,8,5,45820,5672
ParallelQuickSort,sorted,20000,8,1,1,2517
ParallelQuickSort,sorted,20000,8,2,1,0070
ParallelQuickSort,sorted,20000,8,3,1,3920
ParallelQuickSort,sorted,20000,8,4,0,9641
ParallelQuickSort,sorted,20000,8,5,1,0214
ParallelMergeSort,sorted,20000,8,1,1,3215
ParallelMergeSort,sorted,20000,8,2,1,4821
ParallelMergeSort,sorted,20000,8,3,1,2184
ParallelMergeSort,sorted,20000,8,4,1,7682
ParallelMergeSort,sorted,20000,8,5,1,9754
ParallelSelectionSort,sorted,20000,8,1,307,4254
ParallelSelectionSort,sorted,20000,8,2,313,6812
ParallelSelectionSort,sorted,20000,8,3,323,8953
ParallelSelectionSort,sorted,20000,8,4,431,1504
ParallelSelectionSort,sorted,20000,8,5,314,0945
BubbleSort,reverse,1000,1,1,0,6286
BubbleSort,reverse,1000,1,2,0,6656
BubbleSort,reverse,1000,1,3,0,6662
BubbleSort,reverse,1000,1,4,0,6682
BubbleSort,reverse,1000,1,5,0,6992
QuickSort,reverse,1000,1,1,0,0385
QuickSort,reverse,1000,1,2,0,0272
QuickSort,reverse,1000,1,3,0,0273
QuickSort,reverse,1000,1,4,0,0268
QuickSort,reverse,1000,1,5,0,0265
MergeSort,reverse,1000,1,1,0,0775
MergeSort,reverse,1000,1,2,0,0752
MergeSort,reverse,1000,1,3,0,0714
MergeSort,reverse,1000,1,4,0,0712
MergeSort,reverse,1000,1,5,0,0675
SelectionSort,reverse,1000,1,1,0,2864
SelectionSort,reverse,1000,1,2,0,3165
SelectionSort,reverse,1000,1,3,0,3105
SelectionSort,reverse,1000,1,4,0,3276
SelectionSort,reverse,1000,1,5,0,2974
ParallelBubbleSort,reverse,1000,2,1,335,3581
ParallelBubbleSort,reverse,1000,2,2,324,4964
ParallelBubbleSort,reverse,1000,2,3,356,4983
ParallelBubbleSort,reverse,1000,2,4,405,5192
ParallelBubbleSort,reverse,1000,2,5,325,1020
ParallelQuickSort,reverse,1000,2,1,0,5666
ParallelQuickSort,reverse,1000,2,2,0,6710
ParallelQuickSort,reverse,1000,2,3,0,7742
ParallelQuickSort,reverse,1000,2,4,1,0236
ParallelQuickSort,reverse,1000,2,5,1,1549
ParallelMergeSort,reverse,1000,2,1,0,4569
ParallelMergeSort,reverse,1000,2,2,0,3937
ParallelMergeSort,reverse,1000,2,3,0,3931
ParallelMergeSort,reverse,1000,2,4,0,4400
ParallelMergeSort,reverse,1000,2,5,0,2569
ParallelSelectionSort,reverse,1000,2,1,13,6608
ParallelSelectionSort,reverse,1000,2,2,12,8142
ParallelSelectionSort,reverse,1000,2,3,13,1038
ParallelSelectionSort,reverse,1000,2,4,13,5893
ParallelSelectionSort,reverse,1000,2,5,12,9393
ParallelBubbleSort,reverse,1000,4,1,496,9178
ParallelBubbleSort,reverse,1000,4,2,514,2124
ParallelBubbleSort,reverse,1000,4,3,583,3561
ParallelBubbleSort,reverse,1000,4,4,581,9393
ParallelBubbleSort,reverse,1000,4,5,505,7300
ParallelQuickSort,reverse,1000,4,1,0,4904
ParallelQuickSort,reverse,1000,4,2,0,4338
ParallelQuickSort,reverse,1000,4,3,0,5464
ParallelQuickSort,reverse,1000,4,4,0,5469
ParallelQuickSort,reverse,1000,4,5,0,4849
ParallelMergeSort,reverse,1000,4,1,0,2828
ParallelMergeSort,reverse,1000,4,2,0,2977
ParallelMergeSort,reverse,1000,4,3,0,2314
ParallelMergeSort,reverse,1000,4,4,0,2653
ParallelMergeSort,reverse,1000,4,5,0,3100
ParallelSelectionSort,reverse,1000,4,1,12,7909
ParallelSelectionSort,reverse,1000,4,2,13,3633
ParallelSelectionSort,reverse,1000,4,3,10,7389
ParallelSelectionSort,reverse,1000,4,4,12,0833
ParallelSelectionSort,reverse,1000,4,5,11,8878
ParallelBubbleSort,reverse,1000,8,1,937,4084
ParallelBubbleSort,reverse,1000,8,2,1012,8724
ParallelBubbleSort,reverse,1000,8,3,939,5821
ParallelBubbleSort,reverse,1000,8,4,905,1163
ParallelBubbleSort,reverse,1000,8,5,915,0053
ParallelQuickSort,reverse,1000,8,1,1,0697
ParallelQuickSort,reverse,1000,8,2,0,8726
ParallelQuickSort,reverse,1000,8,3,0,6003
ParallelQuickSort,reverse,1000,8,4,0,5550
ParallelQuickSort,reverse,1000,8,5,0,8279
ParallelMergeSort,reverse,1000,8,1,1,2704
ParallelMergeSort,reverse,1000,8,2,0,8351
ParallelMergeSort,reverse,1000,8,3,0,6142
ParallelMergeSort,reverse,1000,8,4,0,6299
ParallelMergeSort,reverse,1000,8,5,0,6926
ParallelSelectionSort,reverse,1000,8,1,15,0993
ParallelSelectionSort,reverse,1000,8,2,12,5663
ParallelSelectionSort,reverse,1000,8,3,14,5342
ParallelSelectionSort,reverse,1000,8,4,13,6691
ParallelSelectionSort,reverse,1000,8,5,13,9715
BubbleSort,reverse,5000,1,1,17,3266
BubbleSort,reverse,5000,1,2,19,1497
BubbleSort,reverse,5000,1,3,17,4986
BubbleSort,reverse,5000,1,4,16,2704
BubbleSort,reverse,5000,1,5,17,1917
QuickSort,reverse,5000,1,1,0,1755
QuickSort,reverse,5000,1,2,0,2443
QuickSort,reverse,5000,1,3,0,2101
QuickSort,reverse,5000,1,4,0,2881
QuickSort,reverse,5000,1,5,0,2189
MergeSort,reverse,5000,1,1,0,3122
MergeSort,reverse,5000,1,2,0,3558
MergeSort,reverse,5000,1,3,0,3618
MergeSort,reverse,5000,1,4,0,3611
MergeSort,reverse,5000,1,5,0,3244
SelectionSort,reverse,5000,1,1,6,5784
SelectionSort,reverse,5000,1,2,6,0296
SelectionSort,reverse,5000,1,3,8,0107
SelectionSort,reverse,5000,1,4,6,8561
SelectionSort,reverse,5000,1,5,7,7668
ParallelBubbleSort,reverse,5000,2,1,3379,5540
ParallelBubbleSort,reverse,5000,2,2,3045,3566
ParallelBubbleSort,reverse,5000,2,3,3233,2006
ParallelBubbleSort,reverse,5000,2,4,3287,0980
ParallelBubbleSort,reverse,5000,2,5,3049,6201
ParallelQuickSort,reverse,5000,2,1,3,4197
ParallelQuickSort,reverse,5000,2,2,1,9992
ParallelQuickSort,reverse,5000,2,3,2,2024
ParallelQuickSort,reverse,5000,2,4,2,0955
ParallelQuickSort,reverse,5000,2,5,1,7745
ParallelMergeSort,reverse,5000,2,1,0,9391
ParallelMergeSort,reverse,5000,2,2,1,1327
ParallelMergeSort,reverse,5000,2,3,1,6989
ParallelMergeSort,reverse,5000,2,4,1,0789
ParallelMergeSort,reverse,5000,2,5,1,2232
ParallelSelectionSort,reverse,5000,2,1,64,5754
ParallelSelectionSort,reverse,5000,2,2,67,9126
ParallelSelectionSort,reverse,5000,2,3,67,6484
ParallelSelectionSort,reverse,5000,2,4,67,2952
ParallelSelectionSort,reverse,5000,2,5,72,4616
ParallelBubbleSort,reverse,5000,4,1,3964,3212
ParallelBubbleSort,reverse,5000,4,2,3983,6073
ParallelBubbleSort,reverse,5000,4,3,4376,8256
ParallelBubbleSort,reverse,5000,4,4,4467,0791
ParallelBubbleSort,reverse,5000,4,5,4477,5277
ParallelQuickSort,reverse,5000,4,1,2,0599
ParallelQuickSort,reverse,5000,4,2,1,9856
ParallelQuickSort,reverse,5000,4,3,1,8573
ParallelQuickSort,reverse,5000,4,4,1,6610
ParallelQuickSort,reverse,5000,4,5,1,9181
ParallelMergeSort,reverse,5000,4,1,2,1278
ParallelMergeSort,reverse,5000,4,2,0,6215
ParallelMergeSort,reverse,5000,4,3,0,6486
ParallelMergeSort,reverse,5000,4,4,0,5347
ParallelMergeSort,reverse,5000,4,5,0,4936
ParallelSelectionSort,reverse,5000,4,1,65,9660
ParallelSelectionSort,reverse,5000,4,2,78,2318
ParallelSelectionSort,reverse,5000,4,3,84,6832
ParallelSelectionSort,reverse,5000,4,4,93,2681
ParallelSelectionSort,reverse,5000,4,5,81,9650
ParallelBubbleSort,reverse,5000,8,1,6437,6832
ParallelBubbleSort,reverse,5000,8,2,6128,7283
ParallelBubbleSort,reverse,5000,8,3,6079,2888
ParallelBubbleSort,reverse,5000,8,4,6157,1817
ParallelBubbleSort,reverse,5000,8,5,6019,5190
ParallelQuickSort,reverse,5000,8,1,2,0517
ParallelQuickSort,reverse,5000,8,2,2,4944
ParallelQuickSort,reverse,5000,8,3,2,2745
ParallelQuickSort,reverse,5000,8,4,2,5282
ParallelQuickSort,reverse,5000,8,5,1,8102
ParallelMergeSort,reverse,5000,8,1,0,6829
ParallelMergeSort,reverse,5000,8,2,0,7327
ParallelMergeSort,reverse,5000,8,3,0,6610
ParallelMergeSort,reverse,5000,8,4,0,9231
ParallelMergeSort,reverse,5000,8,5,0,5821
ParallelSelectionSort,reverse,5000,8,1,66,1293
ParallelSelectionSort,reverse,5000,8,2,64,5653
ParallelSelectionSort,reverse,5000,8,3,63,9413
ParallelSelectionSort,reverse,5000,8,4,61,1652
ParallelSelectionSort,reverse,5000,8,5,58,3642
BubbleSort,reverse,10000,1,1,69,8225
BubbleSort,reverse,10000,1,2,65,6953
BubbleSort,reverse,10000,1,3,64,9644
BubbleSort,reverse,10000,1,4,66,8001
BubbleSort,reverse,10000,1,5,67,7678
QuickSort,reverse,10000,1,1,0,3883
QuickSort,reverse,10000,1,2,0,3646
QuickSort,reverse,10000,1,3,0,3251
QuickSort,reverse,10000,1,4,0,3260
QuickSort,reverse,10000,1,5,0,3379
MergeSort,reverse,10000,1,1,0,5489
MergeSort,reverse,10000,1,2,0,5353
MergeSort,reverse,10000,1,3,0,5957
MergeSort,reverse,10000,1,4,0,7542
MergeSort,reverse,10000,1,5,0,7742
SelectionSort,reverse,10000,1,1,29,9268
SelectionSort,reverse,10000,1,2,30,0686
SelectionSort,reverse,10000,1,3,28,6604
SelectionSort,reverse,10000,1,4,27,1817
SelectionSort,reverse,10000,1,5,27,6672
ParallelBubbleSort,reverse,10000,2,1,10105,0964
ParallelBubbleSort,reverse,10000,2,2,9873,4514
ParallelBubbleSort,reverse,10000,2,3,9938,2859
ParallelBubbleSort,reverse,10000,2,4,9880,9071
ParallelBubbleSort,reverse,10000,2,5,10017,9698
ParallelQuickSort,reverse,10000,2,1,3,0541
ParallelQuickSort,reverse,10000,2,2,3,9978
ParallelQuickSort,reverse,10000,2,3,4,1262
ParallelQuickSort,reverse,10000,2,4,3,6311
ParallelQuickSort,reverse,10000,2,5,2,8246
ParallelMergeSort,reverse,10000,2,1,0,7944
ParallelMergeSort,reverse,10000,2,2,1,0777
ParallelMergeSort,reverse,10000,2,3,1,0492
ParallelMergeSort,reverse,10000,2,4,0,9864
ParallelMergeSort,reverse,10000,2,5,1,1103
ParallelSelectionSort,reverse,10000,2,1,134,3051
ParallelSelectionSort,reverse,10000,2,2,130,9081
ParallelSelectionSort,reverse,10000,2,3,129,9329
ParallelSelectionSort,reverse,10000,2,4,127,8083
ParallelSelectionSort,reverse,10000,2,5,124,7187
ParallelBubbleSort,reverse,10000,4,1,11925,3227
ParallelBubbleSort,reverse,10000,4,2,11727,7537
ParallelBubbleSort,reverse,10000,4,3,11704,0161
ParallelBubbleSort,reverse,10000,4,4,11777,2745
ParallelBubbleSort,reverse,10000,4,5,11533,4918
ParallelQuickSort,reverse,10000,4,1,1,7087
ParallelQuickSort,reverse,10000,4,2,2,4944
ParallelQuickSort,reverse,10000,4,3,3,1324
ParallelQuickSort,reverse,10000,4,4,3,2292
ParallelQuickSort,reverse,10000,4,5,3,4027
ParallelMergeSort,reverse,10000,4,1,0,8038
ParallelMergeSort,reverse,10000,4,2,0,8323
ParallelMergeSort,reverse,10000,4,3,0,7898
ParallelMergeSort,reverse,10000,4,4,0,8099
ParallelMergeSort,reverse,10000,4,5,0,9321
ParallelSelectionSort,reverse,10000,4,1,127,8603
ParallelSelectionSort,reverse,10000,4,2,124,4227
ParallelSelectionSort,reverse,10000,4,3,123,3713
ParallelSelectionSort,reverse,10000,4,4,121,1478
ParallelSelectionSort,reverse,10000,4,5,127,1934
ParallelBubbleSort,reverse,10000,8,1,15694,5786
ParallelBubbleSort,reverse,10000,8,2,15369,6427
ParallelBubbleSort,reverse,10000,8,3,15225,0495
ParallelBubbleSort,reverse,10000,8,4,15092,9602
ParallelBubbleSort,reverse,10000,8,5,15027,2202
ParallelQuickSort,reverse,10000,8,1,2,1025
ParallelQuickSort,reverse,10000,8,2,2,1164
ParallelQuickSort,reverse,10000,8,3,2,2422
ParallelQuickSort,reverse,10000,8,4,2,8261
ParallelQuickSort,reverse,10000,8,5,3,2582
ParallelMergeSort,reverse,10000,8,1,1,2080
ParallelMergeSort,reverse,10000,8,2,0,9214
ParallelMergeSort,reverse,10000,8,3,0,8408
ParallelMergeSort,reverse,10000,8,4,0,8835
ParallelMergeSort,reverse,10000,8,5,0,8335
ParallelSelectionSort,reverse,10000,8,1,134,5491
ParallelSelectionSort,reverse,10000,8,2,128,9932
ParallelSelectionSort,reverse,10000,8,3,128,7759
ParallelSelectionSort,reverse,10000,8,4,132,3008
ParallelSelectionSort,reverse,10000,8,5,133,2100
BubbleSort,reverse,20000,1,1,270,2422
BubbleSort,reverse,20000,1,2,271,4243
BubbleSort,reverse,20000,1,3,274,4558
BubbleSort,reverse,20000,1,4,277,4361
BubbleSort,reverse,20000,1,5,272,6139
QuickSort,reverse,20000,1,1,0,9660
QuickSort,reverse,20000,1,2,0,9576
QuickSort,reverse,20000,1,3,0,9440
QuickSort,reverse,20000,1,4,0,8874
QuickSort,reverse,20000,1,5,0,7162
MergeSort,reverse,20000,1,1,1,1545
MergeSort,reverse,20000,1,2,1,1323
MergeSort,reverse,20000,1,3,1,1223
MergeSort,reverse,20000,1,4,1,1481
MergeSort,reverse,20000,1,5,1,2133
SelectionSort,reverse,20000,1,1,104,6334
SelectionSort,reverse,20000,1,2,106,3037
SelectionSort,reverse,20000,1,3,101,1999
SelectionSort,reverse,20000,1,4,103,2379
SelectionSort,reverse,20000,1,5,100,4380
ParallelBubbleSort,reverse,20000,2,1,34589,3923
ParallelBubbleSort,reverse,20000,2,2,34791,7470
ParallelBubbleSort,reverse,20000,2,3,34364,6612
ParallelBubbleSort,reverse,20000,2,4,35071,3069
ParallelBubbleSort,reverse,20000,2,5,34257,6311
ParallelQuickSort,reverse,20000,2,1,6,7092
ParallelQuickSort,reverse,20000,2,2,5,4113
ParallelQuickSort,reverse,20000,2,3,9,1322
ParallelQuickSort,reverse,20000,2,4,6,6559
ParallelQuickSort,reverse,20000,2,5,6,8851
ParallelMergeSort,reverse,20000,2,1,1,6124
ParallelMergeSort,reverse,20000,2,2,1,5597
ParallelMergeSort,reverse,20000,2,3,1,3354
ParallelMergeSort,reverse,20000,2,4,1,2608
ParallelMergeSort,reverse,20000,2,5,1,0455
ParallelSelectionSort,reverse,20000,2,1,301,1218
ParallelSelectionSort,reverse,20000,2,2,325,8719
ParallelSelectionSort,reverse,20000,2,3,389,4386
ParallelSelectionSort,reverse,20000,2,4,297,2899
ParallelSelectionSort,reverse,20000,2,5,297,9153
ParallelBubbleSort,reverse,20000,4,1,38752,1233
ParallelBubbleSort,reverse,20000,4,2,38613,9731
ParallelBubbleSort,reverse,20000,4,3,39926,1804
ParallelBubbleSort,reverse,20000,4,4,40025,5403
ParallelBubbleSort,reverse,20000,4,5,39052,3414
ParallelQuickSort,reverse,20000,4,1,4,2601
ParallelQuickSort,reverse,20000,4,2,4,3951
ParallelQuickSort,reverse,20000,4,3,4,7044
ParallelQuickSort,reverse,20000,4,4,3,5248
ParallelQuickSort,reverse,20000,4,5,6,0672
ParallelMergeSort,reverse,20000,4,1,1,4304
ParallelMergeSort,reverse,20000,4,2,2,0060
ParallelMergeSort,reverse,20000,4,3,2,5278
ParallelMergeSort,reverse,20000,4,4,1,8342
ParallelMergeSort,reverse,20000,4,5,2,7594
ParallelSelectionSort,reverse,20000,4,1,330,8940
ParallelSelectionSort,reverse,20000,4,2,318,1267
ParallelSelectionSort,reverse,20000,4,3,320,0936
ParallelSelectionSort,reverse,20000,4,4,318,3789
ParallelSelectionSort,reverse,20000,4,5,308,0356
ParallelBubbleSort,reverse,20000,8,1,46566,8319
ParallelBubbleSort,reverse,20000,8,2,46194,4890
ParallelBubbleSort,reverse,20000,8,3,43862,2579
ParallelBubbleSort,reverse,20000,8,4,41581,4989
ParallelBubbleSort,reverse,20000,8,5,42424,3470
ParallelQuickSort,reverse,20000,8,1,2,8588
ParallelQuickSort,reverse,20000,8,2,2,9070
ParallelQuickSort,reverse,20000,8,3,2,9420
ParallelQuickSort,reverse,20000,8,4,2,9796
ParallelQuickSort,reverse,20000,8,5,3,1435
ParallelMergeSort,reverse,20000,8,1,1,3331
ParallelMergeSort,reverse,20000,8,2,1,4676
ParallelMergeSort,reverse,20000,8,3,1,3157
ParallelMergeSort,reverse,20000,8,4,1,2678
ParallelMergeSort,reverse,20000,8,5,1,1145
ParallelSelectionSort,reverse,20000,8,1,333,9158
ParallelSelectionSort,reverse,20000,8,2,340,0919
ParallelSelectionSort,reverse,20000,8,3,395,9072
ParallelSelectionSort,reverse,20000,8,4,313,3346
ParallelSelectionSort,reverse,20000,8,5,290,2371
